Importance,Category,Task
87,Core,"Manage project execution to ensure adherence to budget, schedule, and scope."
85,Core,Confer with project personnel to identify and resolve problems.
82,Core,Monitor or track project milestones and deliverables.
81,Core,"Submit project deliverables, ensuring adherence to quality standards."
80,Core,"Assess current or future customer needs and priorities by communicating directly with customers, conducting surveys, or other methods."
80,Core,"Initiate, review, or approve modifications to project plans."
79,Core,Schedule and facilitate meetings related to information technology projects.
78,Core,Direct or coordinate activities of project personnel.
76,Core,Develop implementation plans that include analyses such as cost-benefit or return on investment (ROI).
76,Core,Identify need for initial or supplemental project resources.
76,Core,"Develop or update project plans for information technology projects including information such as project objectives, technologies, systems, information specifications, schedules, funding, and staffing."
76,Core,Perform risk assessments to develop response strategies.
75,Core,"Prepare project status reports by collecting, analyzing, and summarizing information and trends."
74,Core,"Identify, review, or select vendors or consultants to meet project needs."
74,Core,Develop and manage annual budgets for information technology projects.
73,Core,Establish and execute a project communication plan.
73,Core,Develop and manage work breakdown structure (WBS) of information technology projects.
71,Core,"Monitor the performance of project team members, providing and documenting performance feedback."
71,Core,Coordinate recruitment or selection of project personnel.
70,Core,"Assign duties, responsibilities, and spans of authority to project personnel."
68,Core,Negotiate with project stakeholders or suppliers to obtain resources or materials.
